time,distance
1461396892.5808332,0
1461396892.6394439,0
1461396892.6977584,0
1461396892.755978,0
1461396892.8137176,0
1461396892.871952,0
1461396892.9302213,0
1461396892.988479,0
1461396893.0466893,0
1461396893.104868,0
1461396893.1631997,0
1461396893.2213635,0
1461396893.2795093,0
1461396893.3378403,0
1461396893.3960555,0
1461396893.4578578,0
1461396893.5192893,0
1461396893.5767214,0
1461396893.6349542,0
1461396893.6930504,0
1461396893.7511134,0
1461396893.8093424,0
1461396893.8675032,0
1461396893.925552,0
1461396893.9836068,0
1461396894.0410995,0
1461396894.0992858,0
1461396894.1574252,0
1461396894.2151794,0
1461396894.2763016,0
1461396894.3342803,0
1461396894.3922715,0
1461396894.4502952,0
1461396894.508299,0
1461396894.566446,0
1461396894.624564,0
1461396894.686011,0
1461396894.7441506,0
1461396894.8021922,0
1461396894.860216,0
1461396894.9182024,0
1461396894.9763737,0
1461396895.0344677,0
1461396895.0958753,0
1461396895.153944,0
1461396895.2120252,0
1461396895.2702527,0
1461396895.3282104,0
1461396895.3862612,0
1461396895.4442854,0
1461396895.5022998,0
1461396895.5602205,0
1461396895.6182504,0
1461396895.676282,0
1461396895.7344306,0
1461396895.7926161,0
1461396895.8506067,0
1461396895.9085236,0
1461396895.9664824,0
1461396896.0245125,0
1461396896.0828645,0
1461396896.1408894,0
1461396896.1990721,0
1461396896.2570224,0
1461396896.3150396,0
1461396896.3731637,0
1461396896.430405,0
1461396896.488432,0
1461396896.5467353,0
1461396896.604814,0
1461396896.662894,0
1461396896.7212417,0
1461396896.77921,0
1461396896.8374293,0
1461396896.8953905,0
1461396896.9529228,0
1461396897.0157542,0
1461396897.0738516,0
1461396897.1318133,0
1461396897.1897616,0
1461396897.247796,0
1461396897.305728,0
1461396897.3637218,0
1461396897.4210174,0
1461396897.478943,0
1461396897.5371602,0
1461396897.5953667,0
1461396897.6536958,0
1461396897.7117362,0
1461396897.7697136,0
1461396897.827751,0
1461396897.8856924,0
1461396897.9435842,0
1461396898.0015604,0
1461396898.05893,0
1461396898.1168988,0
1461396898.1749456,0
1461396898.2330437,0
1461396898.291004,0
1461396898.3489022,0
1461396898.4068496,0
1461396898.4648821,0
1461396898.5234292,0
1461396898.5815012,0
1461396898.6395624,0
1461396898.6975372,0
1461396898.7557385,0
1461396898.813774,0
1461396898.8718576,0
1461396898.9298842,0
1461396898.9880927,0
1461396899.0462914,0
1461396899.1042542,0
1461396899.162278,0
1461396899.2205324,0
1461396899.2792964,0
1461396899.3378882,0
1461396899.39646,0
1461396899.4549847,0
1461396899.5135462,0
1461396899.5719728,0
1461396899.630452,0
1461396899.6891236,0
1461396899.7483547,0
1461396899.8068755,0
1461396899.8653846,0
1461396899.9232686,0
1461396899.9817479,0
1461396900.0435295,0
1461396900.1010618,0
1461396900.1596415,0
1461396900.2182012,0
1461396900.276747,0
1461396900.3353717,0
1461396900.394,0
1461396900.4525306,0
1461396900.5112057,0
1461396900.5695808,0
1461396900.6282115,0
1461396900.6859124,0
1461396900.7438118,0
1461396900.8013418,0
1461396900.859738,0
1461396900.9182975,0
1461396900.9768732,0
1461396901.0354252,0
1461396901.0939608,0
1461396901.1523354,0
1461396901.2108622,0
1461396901.2695236,0
1461396901.328162,0
1461396901.3857198,0
1461396901.4442682,0
1461396901.506194,0
1461396901.564773,0
1461396901.6231956,0
1461396901.6810215,0
1461396901.7387693,0
1461396901.797362,0
1461396901.8557577,0
1461396901.9142199,0
1461396901.9726331,0
1461396902.031512,0
1461396902.090023,0
1461396902.1484346,0
1461396902.2069566,0
1461396902.2653158,0
1461396902.323658,0
1461396902.3822193,0
1461396902.4399228,0
1461396902.4984853,0
1461396902.5575414,0
1461396902.6161902,0
1461396902.6740716,0
1461396902.7328534,0
1461396902.7914546,0
1461396902.8500133,0
1461396902.9085703,0
1461396902.9672596,0
1461396903.024761,0
1461396903.0833406,0
1461396903.1420195,0
1461396903.2039711,0
1461396903.262481,0
1461396903.3209937,0
1461396903.3794732,0
1461396903.4379907,0
1461396903.4965363,0
1461396903.5550153,0
1461396903.6137233,0
1461396903.672156,0
1461396903.7307239,0
1461396903.7894769,0
1461396903.8536355,0
1461396903.9134722,0
1461396903.9734533,0
1461396904.033489,0
1461396904.0934803,0
1461396904.1535134,0
1461396904.213528,0
1461396904.273564,0
1461396904.3336053,0
1461396904.393665,0
1461396904.4536812,0
1461396904.5137246,0
1461396904.5737252,0
1461396904.633768,0
1461396904.693858,0
1461396904.7538261,0
1461396904.8138654,0
1461396904.8738925,0
1461396904.9339092,0
1461396904.9939651,0
1461396905.05398,0
1461396905.1140172,0
1461396905.174043,0
1461396905.234072,0
1461396905.2941296,0
1461396905.3541553,0
1461396905.4141977,0
1461396905.474207,0
1461396905.534275,0
1461396905.5942988,0
1461396905.6543193,0
1461396905.7143497,0
1461396905.7743979,0
1461396905.834452,0
1461396905.8944857,0
1461396905.954478,0
1461396906.0145266,0
1461396906.0745325,0
1461396906.1345978,0
1461396906.1946187,0
1461396906.2546515,0
1461396906.3146813,0
1461396906.3747125,0
1461396906.4347315,0
1461396906.4949985,0
1461396906.554815,0
1461396906.61484,0
1461396906.6748872,0
1461396906.7348993,0
1461396906.7949414,0
1461396906.8549936,0
1461396906.9150074,0
1461396906.9750307,0
1461396907.0350747,0
1461396907.095105,0
1461396907.155157,0
1461396907.2151825,-1
1461396907.275191,0
1461396907.3352509,0
1461396907.3952827,0
1461396907.455326,0
1461396907.5153565,0
1461396907.5753756,0
1461396907.6354144,0
1461396907.6954386,0
1461396907.7554643,0
1461396907.8154821,0
1461396907.8755286,0
1461396907.935562,0
1461396907.9955966,0
1461396908.055618,0
1461396908.1156628,0
1461396908.1756806,0
1461396908.2357225,0
1461396908.2957582,0
1461396908.3557787,0
1461396908.415822,0
1461396908.4758646,0
1461396908.5358918,0
1461396908.595945,0
1461396908.6559615,0
1461396908.7159748,0
1461396908.77602,0
1461396908.8360898,0
1461396908.896095,0
1461396908.9561272,0
1461396909.016154,0
1461396909.0761812,0
1461396909.1362164,0
1461396909.1962636,0
1461396909.2562625,0
1461396909.3163314,-1
1461396909.3763716,0
1461396909.4363782,0
1461396909.4965246,-1
1461396909.5564768,0
1461396909.616486,0
1461396909.6765323,0
1461396909.7365453,0
1461396909.7965815,0
1461396909.8566031,0
1461396909.916639,0
1461396909.9766588,0
1461396910.0367153,0
1461396910.0967326,0
1461396910.1567802,0
1461396910.2168026,0
1461396910.2768288,0
1461396910.33686,0
1461396910.3969233,0
1461396910.4569242,0
1461396910.5169804,0
1461396910.5769975,0
1461396910.6370351,0
1461396910.697071,0
1461396910.7570875,0
1461396910.8171275,0
1461396910.8771694,0
1461396910.9371762,0
1461396910.9972415,0
1461396911.0572648,0
1461396911.1173205,0
1461396911.177343,0
1461396911.2373416,0
1461396911.2974114,0
1461396911.3574274,0
1461396911.4174595,0
1461396911.4774847,0
1461396911.5375447,0
1461396911.5975597,0
1461396911.6575918,0
1461396911.717627,0
1461396911.777656,0
1461396911.8376927,0
1461396911.8977437,0
1461396911.9577434,0
1461396912.0178027,0
1461396912.077804,0
1461396912.1378303,0
1461396912.1978998,0
1461396912.257904,0
1461396912.3179467,0
1461396912.3779788,0
1461396912.4380145,0
1461396912.4980545,0
1461396912.5580842,0
1461396912.6181176,0
1461396912.6781452,0
1461396912.7381697,0
1461396912.7982166,0
1461396912.8582358,0
1461396912.9182887,0
1461396912.9783118,0
1461396913.0383813,0
1461396913.0983949,0
1461396913.158399,0
1461396913.2184367,0
1461396913.2784667,0
1461396913.3385026,0
1461396913.3985348,0
1461396913.4585876,0
1461396913.5186248,-5
1461396913.5786371,-1
1461396913.6386783,0
1461396913.69872,0
1461396913.7587216,0
1461396913.8187718,-1
1461396913.8788078,0
1461396913.9388528,0
1461396913.9988832,0
1461396914.0589218,-1
1461396914.1189394,0
1461396914.178972,0
1461396914.238995,0
1461396914.2990298,0
1461396914.3590941,0
1461396914.4191043,0
1461396914.479142,0
1461396914.5392225,-1
1461396914.5992215,0
1461396914.659239,0
1461396914.7192686,-1
1461396914.7792976,-1
1461396914.8393533,0
1461396914.899375,0
1461396914.959389,-1
1461396915.019427,0
1461396915.079451,-1
1461396915.139495,0
1461396915.1995254,0
1461396915.2595732,0
1461396915.3195992,0
1461396915.3796396,0
1461396915.4396677,0
1461396915.4996784,0
1461396915.5597603,-1
1461396915.6197696,-1
1461396915.679807,0
1461396915.7398229,0
1461396915.7998579,0
1461396915.859886,0
1461396915.9199157,0
1461396915.979946,0
1461396916.040006,0
1461396916.1000314,0
1461396916.1600556,0
1461396916.2200868,0
1461396916.2801065,0
1461396916.3401525,0
1461396916.400197,0
1461396916.4602022,0
1461396916.5204504,0
1461396916.5802584,0
1461396916.6403067,0
1461396916.7003543,0
1461396916.7603707,0
1461396916.8204145,0
1461396916.8804529,0
1461396916.9404688,0
1461396917.0005314,0
1461396917.0605595,0
1461396917.1205854,0
1461396917.1806116,-1
1461396917.2406428,0
1461396917.3006809,0
1461396917.3607025,0
1461396917.420737,0
1461396917.4807339,0
1461396917.5408201,0
1461396917.600848,0
1461396917.660874,-1
1461396917.720904,-1
1461396917.7809396,-1
1461396917.840964,0
1461396917.9010086,-1
1461396917.961032,0
1461396918.0210643,0
1461396918.0810893,0
1461396918.141142,0
1461396918.2011561,0
1461396918.2612362,0
1461396918.321224,0
1461396918.3812785,0
1461396918.4412968,0
1461396918.501351,-1
1461396918.5613782,-1
1461396918.6214054,0
1461396918.6814659,0
1461396918.741472,0
1461396918.8015099,0
1461396918.861539,-1
1461396918.9215536,0
1461396918.9816027,-1
1461396919.0416129,0
1461396919.1016319,0
1461396919.1616845,0
1461396919.221715,0
1461396919.2817233,0
1461396919.3417966,-1
1461396919.4018373,0
1461396919.4618433,0
1461396919.521888,-1
1461396919.5819461,0
1461396919.6419518,0
1461396919.702045,-1
1461396919.76204,0
1461396919.8220518,0
1461396919.8820784,0
1461396919.9421396,0
1461396920.0021574,0
1461396920.062188,0
1461396920.122224,0
1461396920.182246,0
1461396920.242284,-1
1461396920.3023257,-4
1461396920.3623385,0
1461396920.4223833,-1
1461396920.4825237,5
1461396920.5424576,0
1461396920.6024806,0
1461396920.6625109,0
1461396920.7225404,0
1461396920.7825577,-1
1461396920.8426034,0
1461396920.9026396,0
1461396920.9626672,0
1461396921.022705,0
1461396921.0829175,0
1461396921.1428397,0
1461396921.2028694,0
1461396921.2628708,-1
1461396921.3229191,0
1461396921.3830233,0
1461396921.4429803,0
1461396921.5030243,-1
1461396921.563112,0
1461396921.6231077,0
1461396921.6832287,-2
1461396921.7432158,-1
1461396921.8032453,-1
1461396921.8632174,-2
1461396921.923262,-2
1461396921.983378,-1
1461396922.04332,0
1461396922.1033611,-1
1461396922.1633768,0
1461396922.2234035,0
1461396922.2835321,0
1461396922.3434665,0
1461396922.4034665,-1
1461396922.463502,0
1461396922.5235186,0
1461396922.5835686,2
1461396922.6435857,0
1461396922.7036195,-1
1461396922.763649,0
1461396922.8237033,0
1461396922.8837245,-1
1461396922.9437492,-1
1461396923.0037887,-1
1461396923.0638103,0
1461396923.123848,0
1461396923.1838832,0
1461396923.2439039,0
1461396923.3039582,-1
1461396923.3639798,0
1461396923.423993,0
1461396923.4840674,0
1461396923.5441122,-4
1461396923.6041253,0
1461396923.6641495,-1
1461396923.7241724,0
1461396923.784231,-1
1461396923.844237,0
1461396923.9043205,-1
1461396923.964294,0
1461396924.0243351,0
1461396924.084398,0
1461396924.1444046,0
1461396924.2044594,0
1461396924.2645142,-1
1461396924.3245094,0
1461396924.3845549,0
1461396924.4445624,0
1461396924.5046232,0
1461396924.5646565,-1
1461396924.624666,-1
1461396924.68476,-1
1461396924.7447522,0
1461396924.804781,0
1461396924.86478,-1
1461396924.924824,-1
1461396924.9848783,-1
1461396925.0449088,-1
1461396925.1049366,-1
1461396925.164977,-1
1461396925.2250028,-1
1461396925.2850592,0
1461396925.3450615,0
1461396925.4051135,-1
1461396925.4651282,0
1461396925.5251644,-1
1461396925.5852282,-1
1461396925.645227,0
1461396925.7052932,0
1461396925.7652774,0
1461396925.8253374,0
1461396925.885354,0
1461396925.9453783,0
1461396926.005427,0
1461396926.0654423,0
1461396926.1254992,0
1461396926.1855338,-1
1461396926.2455523,0
1461396926.3055906,-1
1461396926.3656104,-1
1461396926.425658,-1
1461396926.4856727,0
1461396926.5459256,0
1461396926.6057544,-1
1461396926.6657944,0
1461396926.7258148,-1
1461396926.785837,0
1461396926.8458846,0
1461396926.9059184,-1
1461396926.9659712,-1
1461396927.0259874,0
1461396927.0860367,-1
1461396927.1460633,0
1461396927.2060957,0
1461396927.2661135,0
1461396927.3261583,-1
1461396927.386178,0
1461396927.4462087,0
1461396927.5062542,-1
1461396927.5662866,-1
1461396927.6263149,-1
1461396927.6863995,-1
1461396927.7463799,0
1461396927.8064198,-1
1461396927.8664448,0
1461396927.926482,0
1461396927.9865117,0
1461396928.0465288,0
1461396928.1065729,-1
1461396928.1666083,0
1461396928.2266371,-1
1461396928.2866666,-1
1461396928.3466873,0
1461396928.406743,0
1461396928.4667602,-1
1461396928.526801,0
1461396928.586857,-1
1461396928.6468582,0
1461396928.7069154,-1
1461396928.7669227,0
1461396928.826955,-1
1461396928.8869996,0
1461396928.9470248,-1
1461396929.0070667,0
1461396929.067084,-1
1461396929.127138,0
1461396929.1871579,0
1461396929.2471743,0
1461396929.3072402,-1
1461396929.367238,-1
1461396929.4273,-1
1461396929.487335,0
1461396929.547335,0
1461396929.6074522,-1
1461396929.6674423,0
1461396929.72747,0
1461396929.7874913,0
1461396929.8475049,0
1461396929.9075503,-1
1461396929.9675796,0
1461396930.027647,-1
1461396930.087664,0
1461396930.1476996,0
1461396930.207731,-1
1461396930.26774,0
1461396930.328103,0
1461396930.3878622,-1
1461396930.4478638,-1
1461396930.507893,0
1461396930.5679095,0
1461396930.6279633,0
1461396930.6879811,0
1461396930.7479932,0
1461396930.8080692,-1
1461396930.8680687,-1
1461396930.9281194,-1
1461396930.9881375,0
1461396931.048194,0
1461396931.108233,-1
1461396931.1682374,0
1461396931.2282877,-1
1461396931.2882988,0
1461396931.348428,-2
1461396931.4084034,-1
1461396931.4683974,-1
1461396931.5284433,0
1461396931.588482,0
1461396931.6484995,0
1461396931.7085505,-1
1461396931.7685711,-1
1461396931.8286068,-1
1461396931.8886504,0
1461396931.9486697,-1
1461396932.008723,-1
1461396932.0687258,0
1461396932.1287718,-1
1461396932.1888084,-1
1461396932.2488277,0
1461396932.3088782,-1
1461396932.368883,-1
1461396932.4289222,0
1461396932.4889646,0
1461396932.5490012,-1
1461396932.6090508,-1
1461396932.6690738,-1
1461396932.7290967,-1
1461396932.789119,0
1461396932.8491473,-1
1461396932.9091942,-1
1461396932.9692264,-1
1461396933.0292675,-1
1461396933.0893123,-1
1461396933.1493144,-1
1461396933.2093663,-1
1461396933.2693784,-1
1461396933.329441,0
1461396933.3894818,-1
1461396933.4494774,-1
1461396933.5095284,0
1461396933.5695417,0
1461396933.629591,0
1461396933.6896102,0
1461396933.7496295,-1
1461396933.8096998,-1
1461396933.8697267,-1
1461396933.9297917,-1
1461396933.989801,-1
1461396934.0498157,-1
1461396934.1098602,-1
1461396934.1698725,-1
1461396934.229903,-1
1461396934.289956,-1
1461396934.3499773,0
1461396934.4100266,0
1461396934.4700303,-1
1461396934.5300932,0
1461396934.590115,0
1461396934.6501462,-1
1461396934.7101972,-1
1461396934.7702012,-1
1461396934.8302298,0
1461396934.890288,-1
1461396934.9503124,-1
1461396935.0103548,-1
1461396935.0705612,-1
1461396935.1304061,-1
1461396935.1904452,-1
1461396935.2504656,0
1461396935.3105094,0
1461396935.370538,0
1461396935.4306152,-1
1461396935.4906256,0
1461396935.5506449,0
1461396935.6106918,-1
1461396935.6707022,-1
1461396935.7307255,-1
1461396935.7907562,-1
1461396935.850808,-1
1461396935.9108288,-1
1461396935.9708402,-1
1461396936.030908,-1
1461396936.0909488,-1
1461396936.1509602,-1
1461396936.211004,-1
1461396936.2710013,0
1461396936.3310757,-1
1461396936.3910923,-1
1461396936.4511282,-1
1461396936.511177,0
1461396936.5711915,0
1461396936.6312325,-1
1461396936.6912715,0
1461396936.751309,-1
1461396936.8113375,0
1461396936.8713682,0
1461396936.931382,-1
1461396936.9914467,-1
1461396937.0514734,-1
1461396937.1114905,-1
1461396937.1715367,-1
1461396937.231556,-1
1461396937.2916002,-1
1461396937.3516202,0
1461396937.411674,-1
1461396937.4716685,0
1461396937.5317135,-1
1461396937.591756,-1
1461396937.651775,-1
1461396937.7118437,-1
1461396937.771844,-1
1461396937.8318758,-1
1461396937.8919082,-1
1461396937.951945,-1
1461396938.0119736,-1
1461396938.0719886,-1
1461396938.1320505,-1
1461396938.1920981,-1
1461396938.252104,-1
1461396938.312153,-1
1461396938.3721986,-1
1461396938.4322066,-1
1461396938.4922502,-1
1461396938.5522668,-3
1461396938.6123292,-3
1461396938.6723409,-1
1461396938.732369,-1
1461396938.7924092,-1
1461396938.852427,0
1461396938.9124615,0
1461396938.9724824,-1
1461396939.0325212,-1
1461396939.092566,0
1461396939.152591,-1
1461396939.2126508,0
1461396939.2726605,0
1461396939.3326921,-1
1461396939.3927784,0
1461396939.4528034,-1
1461396939.512847,-1
1461396939.572858,0
1461396939.632908,-1
1461396939.6929574,0
1461396939.7530036,-1
1461396939.8130217,-1
1461396939.8730497,-1
1461396939.933064,-1
1461396939.9931011,-4
1461396940.053144,-1
1461396940.1131935,-4
1461396940.1732333,-2
1461396940.2332327,-1
1461396940.2932596,-4
1461396940.3532734,-1
1461396940.4134138,-1
1461396940.4733562,-1
1461396940.5333927,-2
1461396940.5934286,-1
1461396940.6534758,0
1461396940.713477,-1
1461396940.773481,-1
1461396940.8335075,-1
1461396940.8935332,0
1461396940.95357,-1
1461396941.0136187,-1
1461396941.0736344,-1
1461396941.1336849,-1
1461396941.1937387,-1
1461396941.2537584,-1
1461396941.3137772,-1
1461396941.373823,0
1461396941.4338243,-1
1461396941.4938893,-1
1461396941.553905,-1
1461396941.6139433,-1
1461396941.6739867,-1
1461396941.7339923,-1
1461396941.7940528,-1
1461396941.854075,-1
1461396941.9140968,-1
1461396941.974153,-1
1461396942.034156,0
1461396942.0942266,-6
1461396942.1542325,-1
1461396942.21427,-1
1461396942.2742844,-1
1461396942.3343122,-1
1461396942.3943772,0
1461396942.4543974,-1
1461396942.514491,-2
1461396942.5744686,-1
1461396942.6344926,-1
1461396942.6945527,-1
1461396942.754574,-2
1461396942.8146033,-2
1461396942.8746202,-1
1461396942.9346464,0
1461396942.9946887,-1
1461396943.0547137,-1
1461396943.1147687,-1
1461396943.1747847,-1
1461396943.234816,-1
1461396943.294855,-1
1461396943.3548877,-1
1461396943.414929,-1
1461396943.474946,-1
1461396943.5349915,-1
1461396943.5950003,0
1461396943.6550496,-1
1461396943.7151043,-1
1461396943.775105,-1
1461396943.8351502,-1
1461396943.8952324,-2
1461396943.9552224,-1
1461396944.0152302,-1
1461396944.0750427,0
1461396944.1350694,0
1461396944.1951084,0
1461396944.2551355,0
1461396944.315156,0
1461396944.3752027,0
1461396944.4352422,0
1461396944.495274,0
1461396944.5555263,-1
1461396944.6155796,-1
1461396944.6756175,-1
1461396944.7356768,-1
1461396944.7957015,-1
1461396944.8557167,-2
1461396944.9157228,-1
1461396944.9757807,-1
1461396945.0357945,0
1461396945.096033,-1
1461396945.155897,-1
1461396945.215903,-1
1461396945.2759175,-1
1461396945.3359616,0
1461396945.3959873,-1
1461396945.4560337,-1
1461396945.5160737,-1
1461396945.5760837,-1
1461396945.6361332,-1
1461396945.6961932,-1
1461396945.7561955,-1
1461396945.8162234,-1
1461396945.8762689,-1
1461396945.9362762,-1
1461396945.9963138,-1
1461396946.0563648,-1
1461396946.11639,-1
1461396946.17644,-1
1461396946.2364447,-1
1461396946.2965095,-1
1461396946.3565216,0
1461396946.4165921,-1
1461396946.4765887,-1
1461396946.5366466,-1
1461396946.5966628,-1
1461396946.6566932,-1
1461396946.7167227,-1
1461396946.776749,-1
1461396946.8367872,0
1461396946.8968294,-1
1461396946.956852,-1
1461396947.0168903,-2
1461396947.0768983,-1
1461396947.1369576,-1
1461396947.1969981,-1
1461396947.257009,-1
1461396947.317053,-2
1461396947.3770897,0
1461396947.4371178,-1
1461396947.497181,-1
1461396947.557176,-1
1461396947.617248,-1
1461396947.6772566,-2
1461396947.737307,-1
1461396947.79732,-1
1461396947.857364,-1
1461396947.9173954,-1
1461396947.977391,-1
1461396948.0374444,-1
1461396948.0974808,-1
1461396948.1575356,0
1461396948.217569,-2
1461396948.277569,-1
1461396948.3376071,-1
1461396948.3976362,-1
1461396948.457677,0
1461396948.5177143,-1
1461396948.5777261,-1
1461396948.6378024,-2
1461396948.697812,-1
1461396948.757842,-1
1461396948.8178735,-2
1461396948.877909,-1
1461396948.9379168,-1
1461396948.99796,-1
1461396949.0579941,-1
1461396949.1180422,-2
1461396949.1780796,0
1461396949.2380846,-1
1461396949.298138,-1
1461396949.358168,-1
1461396949.4181988,-1
1461396949.4782412,-1
1461396949.5382614,-1
1461396949.5982962,-2
1461396949.6583405,-1
1461396949.7183654,-2
1461396949.778388,-1
1461396949.8384244,-1
1461396949.8984675,-1
1461396949.9584827,-1
1461396950.018537,-1
1461396950.0785246,-1
1461396950.1385758,-1
1461396950.1986408,-1
1461396950.258652,-1
1461396950.3186836,-1
1461396950.3787348,-1
1461396950.4387476,-1
1461396950.4988265,-1
1461396950.5588136,-1
1461396950.6188796,-2
1461396950.6788855,-1
1461396950.7389286,-1
1461396950.7989514,0
1461396950.8589802,-1
1461396950.9190288,-1
1461396950.9790332,-1
1461396951.0390823,-1
1461396951.099121,-1
1461396951.1591654,-2
1461396951.2191913,-1
1461396951.279183,-1
1461396951.3392286,-1
1461396951.3993044,-1
1461396951.4593103,-1
1461396951.519364,-2
1461396951.5793538,-1
1461396951.639439,-1
1461396951.6994677,-1
1461396951.7594864,-2
1461396951.8195188,-2
1461396951.8795397,-2
1461396951.93958,-1
1461396951.999607,-1
1461396952.0596352,-1
1461396952.1196725,-7
1461396952.1797247,-1
1461396952.239728,-1
1461396952.2997777,-1
1461396952.359808,-1
1461396952.4198475,-2
1461396952.4798577,-1
1461396952.5399017,-1
1461396952.5999312,-1
1461396952.6599853,-2
1461396952.720025,-1
1461396952.780027,-1
1461396952.8400626,-1
1461396952.900108,-1
1461396952.9601371,-2
1461396953.0201705,-1
1461396953.0801728,-1
1461396953.1402524,-1
1461396953.200272,-1
1461396953.2603073,-2
1461396953.3203385,-1
1461396953.3803606,0
1461396953.4404109,-1
1461396953.5004559,-1
1461396953.5604653,-1
1461396953.6205063,-1
1461396953.6805315,-2
1461396953.7405598,-1
1461396953.8005908,-1
1461396953.860625,-2
1461396953.9207087,-2
1461396953.9806874,-1
1461396954.0407093,0
1461396954.1007774,-1
1461396954.1608062,-1
1461396954.2208185,-1
1461396954.280851,-1
1461396954.340882,0
1461396954.4009488,-1
1461396954.4609945,-1
1461396954.520996,0
1461396954.5810282,-1
1461396954.6410575,-2
1461396954.7011058,-1
1461396954.761108,-2
1461396954.8211377,-1
1461396954.8811839,-1
1461396954.941207,-1
1461396955.00124,-1
1461396955.0612774,-1
1461396955.121535,-1
1461396955.1813462,-1
1461396955.2413857,-1
1461396955.3013988,-1
1461396955.3614614,-1
1461396955.4214983,-1
1461396955.4814892,-1
1461396955.5415554,-1
1461396955.6015902,-2
1461396955.6616216,-2
1461396955.7216585,-1
1461396955.7816644,-1
1461396955.8417082,-1
1461396955.9017491,-1
1461396955.961785,-1
1461396956.0218315,-1
1461396956.0818338,-1
1461396956.1418977,-1
1461396956.2018979,-1
1461396956.2619586,-2
1461396956.3219898,-1
1461396956.3819907,-1
1461396956.4420433,-1
1461396956.5020661,-2
1461396956.5621176,-1
1461396956.6221502,-2
1461396956.6821702,-1
1461396956.7421954,-1
1461396956.8022294,-1
1461396956.8622904,-2
1461396956.9223034,-1
1461396956.982317,-1
1461396957.0423713,-1
1461396957.1023865,-1
1461396957.1624334,-1
1461396957.2224545,-2
1461396957.2824738,-2
1461396957.3425267,-1
1461396957.4025528,-1
1461396957.4625814,-1
1461396957.522621,-2
1461396957.5826602,-1
1461396957.6426861,-1
1461396957.7027721,-2
1461396957.7628217,-2
1461396957.8228374,-2
1461396957.8829465,-1
1461396957.9428973,-1
1461396958.0029163,-1
1461396958.0629525,-1
1461396958.1229918,-1
1461396958.1831496,-2
1461396958.2430859,-1
1461396958.3031697,-2
1461396958.3631344,-1
1461396958.4231496,0
1461396958.4833107,-3
1461396958.5432367,-3
1461396958.603247,-4
1461396958.6633627,-1
1461396958.723321,-1
1461396958.7833922,-1
1461396958.843397,-1
1461396958.9034672,-2
1461396958.9634497,-1
1461396959.0234916,-1
1461396959.0835252,-1
1461396959.1435091,-2
1461396959.2035577,-2
1461396959.2635527,0
1461396959.3236086,-1
1461396959.3836396,0
1461396959.4436789,-1
1461396959.503699,-1
1461396959.5637422,-1
1461396959.6237822,-1
1461396959.6838286,-1
1461396959.7438555,-2
1461396959.8038611,-1
1461396959.8639104,-1
1461396959.9239452,-1
1461396959.9839454,-1
1461396960.0439954,-1
1461396960.1040413,-2
1461396960.1640918,-2
1461396960.2241027,-1
1461396960.2841225,-1
1461396960.3441842,-1
1461396960.4041934,-1
1461396960.4642332,-2
1461396960.5242648,-1
1461396960.5842843,-2
1461396960.6443183,-1
1461396960.704359,-1
1461396960.7643914,-2
1461396960.8244228,-2
1461396960.8844566,-1
1461396960.944484,-2
1461396961.0045605,-2
1461396961.064571,-2
1461396961.1245852,-1
1461396961.184628,-2
1461396961.244648,-1
1461396961.3046963,-2
1461396961.3647287,-2
1461396961.4247499,-2
1461396961.4847727,-1
1461396961.5448174,-1
1461396961.6048543,-2
1461396961.6649091,-2
1461396961.724931,-2
1461396961.7849536,-1
1461396961.8449874,-1
1461396961.9050303,-1
1461396961.9650552,-1
1461396962.0250852,-1
1461396962.085117,-2
1461396962.145166,-5
1461396962.205188,-1
1461396962.2652097,-2
1461396962.3252366,-1
1461396962.385266,-2
1461396962.4452918,-1
1461396962.505345,-2
1461396962.5653799,-2
1461396962.6254132,-1
1461396962.6854692,-2
1461396962.745466,-1
1461396962.8055105,-2
1461396962.8655436,-2
1461396962.9255793,-2
1461396962.9855998,-1
1461396963.0456164,-1
1461396963.1056726,-1
1461396963.1657264,-2
1461396963.2257288,-1
1461396963.2857497,-1
1461396963.345795,-1
1461396963.405834,-2
1461396963.4658577,-1
1461396963.525914,-2
1461396963.5859196,-2
1461396963.6459625,-1
1461396963.7060356,-1
1461396963.766023,-1
1461396963.8260686,-1
1461396963.8860946,-1
1461396963.9461315,-1
1461396964.0061805,-2
1461396964.0662029,-2
1461396964.1262162,-2
1461396964.1862702,-2
1461396964.246331,-2
1461396964.3063514,-1
1461396964.3663704,-1
1461396964.4264119,-1
1461396964.4864454,-2
1461396964.5464692,-1
1461396964.6065102,-2
1461396964.666564,-1
1461396964.7265599,-1
1461396964.7866082,-2
1461396964.846621,-1
1461396964.9066787,-2
1461396964.9666777,-2
1461396965.0267222,-2
1461396965.0867374,-2
1461396965.147013,-2
1461396965.2068195,-1
1461396965.2668383,-2
1461396965.3268816,-1
1461396965.3869083,-1
1461396965.4469383,-1
1461396965.506995,-2
1461396965.5670025,-2
1461396965.627046,-1
1461396965.6870697,-2
1461396965.7471142,-1
1461396965.807133,-2
1461396965.867176,-2
1461396965.927195,-2
1461396965.9872265,-1
1461396966.0472593,-1
1461396966.1073022,-2
1461396966.1673477,-2
1461396966.227373,-1
1461396966.2873783,-1
1461396966.3474238,-1
1461396966.4074683,-2
1461396966.4674895,-2
1461396966.5275254,-2
1461396966.5875952,-2
1461396966.647586,-1
1461396966.7076426,-1
1461396966.7676632,-2
1461396966.827708,-2
1461396966.8877242,-1
1461396966.9477541,-2
1461396967.007812,-2
1461396967.0678384,-2
1461396967.1278582,-1
1461396967.1879003,-2
1461396967.2479134,-2
1461396967.307969,-2
1461396967.3680058,-2
1461396967.4280238,-2
1461396967.488051,-1
1461396967.5480819,-1
1461396967.6081405,-1
1461396967.6681798,-2
1461396967.7282033,-2
1461396967.7882302,-1
1461396967.8482473,-2
1461396967.908298,-2
1461396967.9683213,-2
1461396968.0283682,-2
1461396968.088369,-1
1461396968.148415,-2
1461396968.2084632,-1
1461396968.2684758,-2
1461396968.3285108,-1
1461396968.3885796,-2
1461396968.4485786,-1
1461396968.508633,-2
1461396968.5686584,-1
1461396968.6286843,-2
1461396968.688714,-2
1461396968.7487433,-2
1461396968.8087683,-2
1461396968.8687997,-2
1461396968.928854,-1
1461396968.9888592,0
1461396969.0488877,-2
1461396969.108935,-2
1461396969.1689832,-2
1461396969.2290053,-1
1461396969.2890224,-1
1461396969.3490796,-2
1461396969.4091146,-2
1461396969.4691556,-1
1461396969.5291762,-2
1461396969.5892146,-1
1461396969.649253,-1
1461396969.7092912,-2
1461396969.7693038,-2
1461396969.829408,-2
1461396969.8893704,-2
1461396969.9494076,-1
1461396970.0094454,-1
1461396970.0694606,-2
1461396970.1295004,-1
1461396970.1895442,-1
1461396970.2495694,-1
1461396970.3096037,-2
1461396970.3696308,-2
1461396970.4296577,-1
1461396970.4897223,-2
1461396970.5497246,-1
1461396970.6097593,-1
1461396970.6698167,-2
1461396970.7298284,-2
1461396970.789879,-2
1461396970.8498948,-2
1461396970.9099283,-2
1461396970.9699402,-2
1461396971.0299847,-2
1461396971.0900245,-2
1461396971.1500409,-2
1461396971.2101185,-2
1461396971.2701263,-2
1461396971.3301501,-2
1461396971.390213,-1
1461396971.4502127,-2
1461396971.5102527,-2
1461396971.5702918,-2
1461396971.6303313,-2
1461396971.6903622,-2
1461396971.7503953,-2
1461396971.8104186,-2
1461396971.8704672,-2
1461396971.9304965,-2
1461396971.990528,-1
1461396972.0505574,-2
1461396972.1105788,-2
1461396972.1706152,-7
1461396972.2306316,-1
1461396972.290675,-1
1461396972.3507462,-2
1461396972.4107692,-2
1461396972.470773,-2
1461396972.5308397,-2
1461396972.5908582,-2
1461396972.6508636,-1
1461396972.7109401,-2
1461396972.7709615,-1
1461396972.8309813,-2
1461396972.891008,-2
1461396972.951025,-2
1461396973.0110824,-2
1461396973.071106,-2
1461396973.131133,-2
1461396973.1911795,-1
1461396973.2511947,-2
1461396973.3112442,-1
1461396973.3712628,-2
1461396973.4312947,-2
1461396973.491334,-1
1461396973.5513546,-2
1461396973.6113951,-2
1461396973.671431,-2
1461396973.7314599,-2
1461396973.7914953,-2
1461396973.8515182,-2
1461396973.9115896,-2
1461396973.9716046,-2
1461396974.0316515,-2
1461396974.0916607,-2
1461396974.1516798,-2
1461396974.2117245,-2
1461396974.2718189,-2
1461396974.331811,-2
1461396974.3918474,-2
1461396974.4518583,-2
1461396974.5118878,-1
1461396974.5719151,-2
1461396974.6319432,-2
1461396974.6920218,-2
1461396974.7520096,-2
1461396974.812083,-2
1461396974.872107,-2
1461396974.9321263,-1
1461396974.9921498,-2
1461396975.0522208,-2
1461396975.1122615,-6
1461396975.172526,-3
1461396975.2322917,-1
1461396975.2923267,-3
1461396975.352354,-2
1461396975.4123948,-2
1461396975.4724102,-2
1461396975.5324736,-2
1461396975.592511,-2
1461396975.6525142,-2
1461396975.712567,-2
1461396975.772593,-2
1461396975.8325863,-2
1461396975.8926582,-1
1461396975.9526646,-2
1461396976.012716,-2
1461396976.0728076,-2
1461396976.132826,-2
1461396976.192885,-1
1461396976.2528968,-2
1461396976.31293,-2
1461396976.3729339,-2
1461396976.4329932,-2
1461396976.4930568,-2
1461396976.5530357,-3
1461396976.6131358,-2
1461396976.6731136,-2
1461396976.7331696,-1
1461396976.7932234,-5
1461396976.8532295,-2
1461396976.913237,-4
1461396976.9732766,-2
1461396977.0333173,-1
1461396977.0933583,-2
1461396977.153388,-2
1461396977.213418,-1
1461396977.2734246,-2
1461396977.3334668,-2
1461396977.3934767,-2
1461396977.4534826,-2
1461396977.5135295,-2
1461396977.5735402,-1
1461396977.633598,-2
1461396977.6936507,-2
1461396977.7536767,-2
1461396977.8136938,-2
1461396977.8737407,-2
1461396977.933766,-2
1461396977.9937758,-2
1461396978.0538278,-2
1461396978.1138535,-2
1461396978.1739058,-1
1461396978.233924,-2
1461396978.2939618,-2
1461396978.35399,-1
1461396978.4140222,-2
1461396978.4740465,-2
1461396978.5341055,-2
1461396978.5941021,-2
1461396978.6541245,-1
1461396978.7141814,-2
1461396978.7742047,-2
1461396978.8342507,-1
1461396978.8942654,-1
1461396978.9543233,-2
1461396979.0143538,-2
1461396979.074382,-2
1461396979.1344118,-2
1461396979.1944711,-2
1461396979.2544782,-2
1461396979.3145015,-2
1461396979.3745317,-2
1461396979.4345691,-2
1461396979.4946227,-1
1461396979.5546484,-2
1461396979.614666,-2
1461396979.674704,-2
1461396979.7347589,-2
1461396979.7947695,-1
1461396979.8548038,-2
1461396979.9148376,-2
1461396979.9748535,-1
1461396980.0348904,-2
1461396980.0949628,-2
1461396980.154977,-2
1461396980.2150135,-2
1461396980.2750375,-2
1461396980.3350546,-2
1461396980.3951132,-1
1461396980.4551623,-2
1461396980.515185,-2
1461396980.5752094,-2
1461396980.6352334,-2
1461396980.6952784,-2
1461396980.7552986,-2
1461396980.815332,-2
1461396980.8753464,-2
1461396980.935394,-2
1461396980.9954288,-2
1461396981.055443,-1
1461396981.1155064,-1
1461396981.1755514,-2
1461396981.2355716,-2
1461396981.2956274,-2
1461396981.3556175,-2
1461396981.4156604,-2
1461396981.4756885,-2
1461396981.5357206,-2
1461396981.5957608,-2
1461396981.655813,-2
1461396981.7158573,-2
1461396981.7758634,-2
1461396981.8358927,-2
1461396981.8959253,-2
1461396981.955972,-1
1461396982.015999,-2
1461396982.076006,-2
1461396982.1360567,-2
1461396982.196095,-1
1461396982.2561274,-3
1461396982.3161402,-2
1461396982.3761818,-2
1461396982.4362185,-2
1461396982.49625,-2
1461396982.556278,-1
1461396982.6163065,-1
1461396982.6763427,-2
1461396982.7361522,-1
1461396982.796423,-2
1461396982.8564537,-2
1461396982.9164746,-2
1461396982.9764926,-2
1461396983.0365636,-2
1461396983.0965712,-2
1461396983.1566193,-2
1461396983.2166457,-2
1461396983.276678,-2
1461396983.3367064,-2
1461396983.3967578,-2
1461396983.456797,-2
1461396983.516833,-2
1461396983.5768201,-2
1461396983.636892,-1
1461396983.6971529,-2
1461396983.7569427,-2
1461396983.8169496,-2
1461396983.876981,-2
1461396983.9370775,-2
1461396983.9970694,-2
1461396984.0570822,-2
1461396984.1171331,-2
1461396984.1771731,-2
1461396984.2371862,-2
1461396984.2972248,-2
1461396984.3572655,-2
1461396984.4172895,-2
1461396984.4773252,-2
1461396984.537349,-2
1461396984.5973835,-2
1461396984.6574216,-2
1461396984.7174947,-2
1461396984.7774992,-2
1461396984.8375416,-2
1461396984.8975642,-2
1461396984.9575937,-2
1461396985.017624,-2
1461396985.0776598,-2
1461396985.1376817,-2
1461396985.197734,-2
1461396985.2577548,-2
1461396985.3177938,-2
1461396985.377812,-2
1461396985.4378564,-2
1461396985.4979293,-2
1461396985.5579567,-1
1461396985.6179564,-2
1461396985.678005,-1
1461396985.7380295,-1
1461396985.7980592,-2
1461396985.8580952,-2
1461396985.9181075,-2
1461396985.978136,-2
1461396986.0381942,-2
1461396986.0981944,-2
1461396986.158261,-3
1461396986.2182834,-2
1461396986.278306,-2
1461396986.3383381,-2
1461396986.3983803,-2
1461396986.4583898,-2
1461396986.5184417,-2
1461396986.5784707,-2
1461396986.6385121,-2
1461396986.6985345,-2
1461396986.7586014,-2
1461396986.818611,-3
1461396986.8786573,-2
1461396986.938683,-2
1461396986.998692,-2
1461396987.058751,-2
1461396987.118756,-2
1461396987.1788023,-2
1461396987.23888,-2
1461396987.298869,-2
1461396987.3589287,-3
1461396987.418965,-2
1461396987.478972,-2
1461396987.539015,-1
1461396987.5990548,-3
1461396987.659087,-2
1461396987.719108,-2
1461396987.7791474,-2
1461396987.8391585,-2
1461396987.8991995,-1
1461396987.959221,-2
1461396988.0192425,-2
1461396988.0792918,-2
1461396988.139325,-2
1461396988.1993644,-2
1461396988.259394,-3
1461396988.319409,-2
1461396988.3794723,-2
1461396988.4394908,-1
1461396988.4995103,-1
1461396988.559561,-2
1461396988.6195736,-2
1461396988.6796331,-2
1461396988.7396548,-2
1461396988.7997017,-2
1461396988.8597198,-2
1461396988.9197598,-2
1461396988.9797761,-2
1461396989.0398035,-2
1461396989.0998447,-1
1461396989.1598852,-2
1461396989.219932,-2
1461396989.2799456,-2
1461396989.3399765,-2
1461396989.4000022,-2
1461396989.4600496,-3
1461396989.5200672,-2
1461396989.5801017,-2
1461396989.64014,-1
1461396989.7001827,-2
1461396989.7602303,-2
1461396989.8202412,-2
1461396989.8802702,-2
1461396989.9403129,-2
1461396990.0003417,-2
1461396990.0603673,-2
1461396990.1203992,-3
1461396990.180453,-2
1461396990.2404737,-1
1461396990.3005056,-2
1461396990.3605568,-2
1461396990.4205651,-2
1461396990.4806063,-2
1461396990.5406468,-2
1461396990.6006472,-2
1461396990.6606972,-2
1461396990.7207487,-7
1461396990.780753,-2
1461396990.8408084,-2
1461396990.9008312,-2
1461396990.9608567,-2
1461396991.0209076,-2
1461396991.080935,-2
1461396991.1409597,-2
1461396991.2009878,-2
1461396991.261042,-2
1461396991.3210464,-2
1461396991.3810925,-2
1461396991.4411213,-2
1461396991.5011373,-2
1461396991.561205,-2
1461396991.6212335,-2
1461396991.6812618,-2
1461396991.7412992,-1
1461396991.8013139,-2
1461396991.8613777,-2
1461396991.9213855,-3
1461396991.9814262,-2
1461396992.041445,-2
1461396992.1014838,-3
1461396992.1615424,-2
1461396992.221569,-1
1461396992.2816174,-2
1461396992.3416393,-2
1461396992.4016678,-2
1461396992.4616926,-2
1461396992.521723,-1
1461396992.5817518,-3
1461396992.6417842,-2
1461396992.7018285,-1
1461396992.761881,-2
1461396992.8218746,-2
1461396992.8819184,-2
1461396992.9419408,-1
1461396993.0020099,-3
1461396993.062024,-2
1461396993.1220567,-2
1461396993.1820982,-2
1461396993.242115,-1
1461396993.3021486,-1
1461396993.3621767,-2
1461396993.4222105,-6
1461396993.4822373,-3
1461396993.5422747,-1
1461396993.602291,-4
1461396993.6623454,-2
1461396993.7225919,-2
1461396993.7824042,-2
1461396993.842433,-2
1461396993.9025147,-3
1461396993.9625132,-2
1461396994.0225391,-2
1461396994.0825424,-2
1461396994.1425962,-2
1461396994.202631,-2
1461396994.2628515,-4
1461396994.3227859,-3
1461396994.3828452,-2
1461396994.4428165,-2
1461396994.5028799,-2
1461396994.5628703,-3
1461396994.6229277,-2
1461396994.683018,-2
1461396994.7429962,-2
1461396994.8030152,-2
1461396994.8630342,-3
1461396994.9231627,-3
1461396994.9831877,-2
1461396995.0431771,-4
1461396995.1031742,-6
1461396995.1632237,-3
1461396995.2232857,-4
1461396995.283421,-3
1461396995.3433247,-2
1461396995.403356,-4
1461396995.4634597,-3
1461396995.5234168,-2
1461396995.5835092,-2
1461396995.6434693,-3
1461396995.703474,-2
1461396995.7634938,-2
1461396995.8235285,-2
1461396995.8835552,1
1461396995.9435859,-1
1461396996.0036345,-2
1461396996.063648,-2
1461396996.1236875,-3
1461396996.1837173,-2
1461396996.2437625,-2
1461396996.3037796,-2
1461396996.3637981,-2
1461396996.4238486,-3
1461396996.4838896,-2
1461396996.543897,-1
1461396996.6039388,-2
1461396996.66402,-2
1461396996.7240164,-1
1461396996.784082,-3
1461396996.8441012,-2
1461396996.9041286,-2
1461396996.9641428,-3
1461396997.0241828,-3
1461396997.0842118,-2
1461396997.1442363,-3
1461396997.2042854,-3
1461396997.26433,-3
1461396997.324362,-3
1461396997.3843863,-2
1461396997.4443882,-3
1461396997.5044382,-3
1461396997.5644574,-2
1461396997.6245081,-2
1461396997.6845498,-2
1461396997.7445798,-2
1461396997.8046007,-3
1461396997.8646228,-2
1461396997.924682,-2
1461396997.9846885,-1
1461396998.0447168,-2
1461396998.1047559,-2
1461396998.1647823,-2
1461396998.2248454,-2
1461396998.284862,-2
1461396998.3448868,-2
1461396998.4049237,-3
1461396998.4649534,-2
1461396998.5250156,-2
1461396998.5850322,-2
1461396998.645052,-2
1461396998.705102,-2
1461396998.765134,-3
1461396998.8251476,-2
1461396998.8851829,-2
1461396998.9452055,-2
1461396999.0052412,-3
1461396999.0652704,-2
1461396999.125293,-2
1461396999.1853585,-2
1461396999.2454033,-2
1461396999.3054314,-3
1461396999.3654513,-3
1461396999.4255273,-3
1461396999.4855337,-2
1461396999.5455556,-2
1461396999.6055639,-3
1461396999.6656215,-3
1461396999.7256546,-3
1461396999.7856948,-2
1461396999.8457043,-2
1461396999.9057362,-3
1461396999.9657886,-3
1461397000.0258026,-3
1461397000.085837,-2
1461397000.1458867,-3
1461397000.205936,-2
1461397000.2659745,-3
1461397000.3259718,-3
1461397000.3860183,-2
1461397000.4460416,-2
1461397000.5060787,-3
1461397000.56612,-3
1461397000.6261563,-2
1461397000.6861835,-2
1461397000.746184,-7
1461397000.8062706,-3
1461397000.8662925,-3
1461397000.926307,-3
1461397000.9863455,-2
1461397001.0463667,-2
1461397001.1064103,-3
1461397001.1664472,-2
1461397001.226459,-2
1461397001.2865376,-3
1461397001.3465452,-3
1461397001.4065704,-3
1461397001.4665992,-3
1461397001.5266194,-3
1461397001.5866404,-2
1461397001.6466851,-2
1461397001.7067246,-3
1461397001.76677,-3
1461397001.8267918,-3
1461397001.8868487,-3
1461397001.946862,-2
1461397002.0068748,-3
1461397002.0669243,-2
1461397002.126987,-3
1461397002.1870177,-2
1461397002.2470384,-2
1461397002.3070467,-3
1461397002.3670902,-3
1461397002.427127,-2
1461397002.4871645,-2
1461397002.5471745,-2
1461397002.6072314,-3
1461397002.6672604,-3
1461397002.7272942,-3
1461397002.7873356,-2
1461397002.847358,-3
1461397002.9073834,-3
1461397002.9674137,-3
1461397003.0274575,-3
1461397003.0874848,-2
1461397003.1475184,-2
1461397003.2075686,-2
1461397003.2675874,-3
1461397003.3276193,-2
1461397003.3876498,-2
1461397003.4476976,-3
1461397003.5077188,-3
1461397003.5677617,-2
1461397003.6277843,-2
1461397003.687817,-3
1461397003.7480683,-3
1461397003.8078885,-3
1461397003.8678913,-3
1461397003.9279842,-3
1461397003.9879873,-2
1461397004.0480072,-3
1461397004.1080222,-3
1461397004.1680765,-3
1461397004.2280996,-3
1461397004.288202,-2
1461397004.3481865,-3
1461397004.4082124,-3
1461397004.4682426,-3
1461397004.5282822,-3
1461397004.588293,-2
1461397004.6483314,-3
1461397004.708369,-2
1461397004.768445,-3
1461397004.8284357,-3
1461397004.8884716,-3
1461397004.9484947,-3
1461397005.0085428,-3
1461397005.068565,-3
1461397005.128596,-3
1461397005.1886485,-2
1461397005.2486632,-2
1461397005.3087084,-3
1461397005.3687236,-2
1461397005.4287643,-3
1461397005.4888036,-2
1461397005.5488217,-3
1461397005.6088507,-2
1461397005.6689026,-3
1461397005.7289128,-3
1461397005.7889638,-2
1461397005.8489811,-3
1461397005.909014,-2
1461397005.969049,-2
1461397006.0291052,-3
1461397006.0891287,-3
1461397006.1491454,-2
1461397006.2092047,-3
1461397006.269231,-3
1461397006.329254,-3
1461397006.3892963,-3
1461397006.4493098,-3
1461397006.5093458,-2
1461397006.5694098,-3
1461397006.6294084,-3
1461397006.6894634,-3
1461397006.7494678,-3
1461397006.8095179,-3
1461397006.86957,-3
1461397006.9296021,-2
1461397006.9896195,-3
1461397007.0496397,-3
1461397007.1096609,-3
1461397007.1697092,-2
1461397007.2297356,-3
1461397007.2897987,-3
1461397007.34981,-3
1461397007.4098542,-3
1461397007.4699266,-2
1461397007.529965,-3
1461397007.5899608,-3
1461397007.649964,-3
1461397007.7100255,-2
1461397007.7700462,-3
1461397007.830072,-2
1461397007.8901174,-3
1461397007.950145,-3
1461397008.0101614,-3
1461397008.0701988,-3
1461397008.1302745,-4
1461397008.190286,-2
1461397008.250313,-3
1461397008.3103583,-3
1461397008.370364,-3
1461397008.4304163,-3
1461397008.490441,-2
1461397008.5504687,-2
1461397008.610485,-3
1461397008.6705122,-2
1461397008.7305605,-3
1461397008.7906134,-3
1461397008.850638,-3
1461397008.9106476,-3
1461397008.9706976,-3
1461397009.0307138,-2
1461397009.090763,-2
1461397009.1507785,-3
1461397009.2108228,-3
1461397009.270854,-3
1461397009.33091,-2
1461397009.3909435,-3
1461397009.4509652,-3
1461397009.510982,-3
1461397009.5710163,-3
1461397009.6310368,-3
1461397009.6911108,-3
1461397009.7511091,-3
1461397009.8111598,-3
1461397009.8711913,-2
1461397009.9312193,-2
1461397009.9912367,-3
1461397010.0512698,-3
1461397010.1112943,-3
1461397010.171362,-2
1461397010.2314079,-2
1461397010.2914426,-2
1461397010.3514912,-3
1461397010.411497,-2
1461397010.4715428,-3
1461397010.5315711,-2
1461397010.5915923,-3
1461397010.6515846,-2
1461397010.711632,-3
1461397010.7716835,-8
1461397010.831722,-3
1461397010.8917475,-3
1461397010.9517655,-3
1461397011.0118153,-3
1461397011.0718346,-3
1461397011.1318684,-3
1461397011.1919353,-3
1461397011.25193,-2
1461397011.3119926,-3
1461397011.372025,-3
1461397011.4320533,-3
1461397011.4920723,-3
1461397011.5520966,-3
1461397011.6121156,-3
1461397011.6721609,-3
1461397011.732203,-2
1461397011.7922437,-6
1461397011.8522563,-2
1461397011.9122865,-3
1461397011.9723403,-3
1461397012.0323772,-3
1461397012.092401,-2
1461397012.152415,-3
1461397012.212462,-3
1461397012.2725077,-3
1461397012.332544,-4
1461397012.3925693,-3
1461397012.4525735,-2
1461397012.5126047,-3
1461397012.5726433,-3
1461397012.6326993,-2
1461397012.6927722,-3
1461397012.7527864,-3
1461397012.812839,-3
1461397012.8728538,-3
1461397012.9329302,-3
1461397012.992962,-3
1461397013.0529516,-3
1461397013.1129866,-3
1461397013.1730418,-4
1461397013.2330797,-3
1461397013.2931333,-3
1461397013.353154,-4
1461397013.4131656,-5
1461397013.473199,-4
1461397013.5332334,-3
1461397013.5932827,-4
1461397013.653311,-3
1461397013.7133348,-4
1461397013.7735684,-3
1461397013.8334012,-3
1461397013.8934557,-3
1461397013.9534476,-3
1461397014.0135164,-3
1461397014.0735042,-2
1461397014.1334896,-3
1461397014.1935687,-1
1461397014.2535632,-3
1461397014.3136318,-4
1461397014.3736389,-3
1461397014.4336634,-3
1461397014.4936962,-3
1461397014.5537243,-3
1461397014.6137528,-3
1461397014.6738229,-2
1461397014.733836,-3
1461397014.7938871,-3
1461397014.8538926,-3
1461397014.9139364,-2
1461397014.973956,-3
1461397015.0339978,-3
1461397015.0940208,-3
1461397015.1540687,-3
1461397015.2140815,-3
1461397015.2741532,-3
1461397015.3341892,-3
1461397015.3942177,-3
1461397015.4542155,-3
1461397015.5143278,-4
1461397015.5743191,-3
1461397015.6343396,-3
1461397015.6943777,-3
1461397015.7543952,-2
1461397015.8144205,-3
1461397015.8744497,-3
1461397015.9345105,-2
1461397015.9945257,-3
1461397016.0545523,-3
1461397016.1145766,-3
1461397016.1746264,-3
1461397016.2346592,-3
1461397016.2946813,-3
1461397016.354719,-4
1461397016.4147518,-3
1461397016.474764,-3
1461397016.5348194,-3
1461397016.5948477,-3
1461397016.6548626,-3
1461397016.7149134,-3
1461397016.7749631,-3
1461397016.8349771,-2
1461397016.8950212,-2
1461397016.9550495,-3
1461397017.0150857,-3
1461397017.0751057,-3
1461397017.13514,-3
1461397017.1951656,-3
1461397017.2552068,-3
1461397017.3152711,-3
1461397017.3752892,-3
1461397017.4352987,-2
1461397017.4953442,-3
1461397017.5553567,-3
1461397017.615398,-3
1461397017.6754394,-3
1461397017.7354555,-3
1461397017.7955103,-2
1461397017.8555386,-3
1461397017.915566,-3
1461397017.9755845,-3
1461397018.0356278,-2
1461397018.0956619,-2
1461397018.1557157,-3
1461397018.2157402,-3
1461397018.2757714,-3
1461397018.3357956,-3
1461397018.3958433,-3
1461397018.4558523,-3
1461397018.515896,-3
1461397018.5759199,-3
1461397018.6359541,-3
1461397018.6959977,-3
1461397018.7560449,-3
1461397018.8160715,-3
1461397018.8761165,-2
1461397018.936116,-3
1461397018.9961824,-3
1461397019.0561993,-2
1461397019.11622,-3
1461397019.1762571,-3
1461397019.2362902,-3
1461397019.2963345,-2
1461397019.3563437,-2
1461397019.416386,-3
1461397019.4764123,-3
1461397019.536444,-3
1461397019.5964699,-3
1461397019.6564996,-3
1461397019.7165284,-3
1461397019.7765796,-3
1461397019.8366263,-3
1461397019.896662,-3
1461397019.9566722,-3
1461397020.0167215,-4
1461397020.0767393,-3
1461397020.1367757,-3
1461397020.1968293,-3
1461397020.256843,-3
1461397020.3168924,-3
1461397020.3769233,-2
1461397020.436941,-3
1461397020.4970057,-3
1461397020.557018,-3
1461397020.6170492,-4
1461397020.6770833,-3
1461397020.7370942,-3
1461397020.797135,-8
1461397020.857171,-3
1461397020.917191,-3
1461397020.9772274,-3
1461397021.0372646,-4
1461397021.0973144,-2
1461397021.1573427,-3
1461397021.21736,-3
1461397021.2774062,-2
1461397021.3374503,-3
1461397021.3974626,-3
1461397021.4574904,-3
1461397021.5175316,-3
1461397021.577562,-3
1461397021.6375751,-3
1461397021.69762,-3
1461397021.7576692,-3
1461397021.817696,-3
1461397021.8777316,-2
1461397021.9377759,-3
1461397021.9978063,-2
1461397022.057826,-3
1461397022.1178513,-4
1461397022.177905,-4
1461397022.2379236,-2
1461397022.2979665,-3
1461397022.3580039,-3
1461397022.4180293,-4
1461397022.4780557,-3
1461397022.5381026,-3
1461397022.5981178,-3
1461397022.658141,-4
1461397022.718175,-4
1461397022.7782245,-3
1461397022.838258,-3
1461397022.8982997,-3
1461397022.9583087,-3
1461397023.0183632,-2
1461397023.078384,-3
1461397023.138406,-3
1461397023.1984422,-3
1461397023.2584846,-4
1461397023.3185036,-3
1461397023.3785791,-3
1461397023.438569,-4
1461397023.4986227,-3
1461397023.5586357,-4
1461397023.6187005,-4
1461397023.6787467,-4
1461397023.7387896,-3
1461397023.7990725,-3
1461397023.8588254,-3
1461397023.9188778,-4
1461397023.978883,-3
1461397024.0389078,-4
1461397024.0989532,-3
1461397024.1589832,-4
1461397024.2190135,-4
1461397024.2790425,-3
1461397024.3391066,-3
1461397024.3991096,-3
1461397024.4591243,-3
1461397024.519177,-3
1461397024.5791948,-3
1461397024.6392276,-3
1461397024.699278,-3
1461397024.7592905,-4
1461397024.8193305,-3
1461397024.8793647,-3
1461397024.9393969,-4
1461397024.9994361,-3
1461397025.0594459,-3
1461397025.1195014,-4
1461397025.1795557,-3
1461397025.2395682,-3
1461397025.29961,-3
1461397025.3596303,-4
1461397025.41965,-3
1461397025.4796882,-3
1461397025.5397718,-4
1461397025.5997777,-4
1461397025.6597798,-4
1461397025.7198138,-3
1461397025.779865,-4
1461397025.8398983,-3
1461397025.8999252,-3
1461397025.9599478,-3
1461397026.0199943,-4
1461397026.0800254,-4
1461397026.1400487,-2
1461397026.2001152,-3
1461397026.2601094,-4
1461397026.3201544,-3
1461397026.3801856,-3
1461397026.4401958,-4
1461397026.5002637,-3
1461397026.5602612,-4
1461397026.620294,-3
1461397026.6803532,-3
1461397026.7403667,-3
1461397026.8004293,-4
1461397026.860438,-3
1461397026.9204676,-3
1461397026.980506,-3
1461397027.0405376,-3
1461397027.100594,-3
1461397027.1606,-4
1461397027.2206438,-3
1461397027.2806933,-3
1461397027.3407247,-4
1461397027.4007595,-3
1461397027.4607933,-3
1461397027.52081,-4
1461397027.5808306,-2
1461397027.6408982,-3
1461397027.7009506,-3
1461397027.7609563,-3
1461397027.8210049,-3
1461397027.881001,-3
1461397027.9410295,-3
1461397028.0010672,-4
1461397028.0611043,-4
1461397028.1211383,-4
1461397028.1811717,-4
1461397028.2411754,-3
1461397028.301242,-4
1461397028.3612711,-3
1461397028.421299,-3
1461397028.4813,-3
1461397028.5413826,-3
1461397028.6014073,-3
1461397028.6614273,-3
1461397028.7214816,-4
1461397028.7814705,-3
1461397028.8415327,-2
1461397028.9015706,-2
1461397028.961588,-4
1461397029.0216384,-3
1461397029.0816443,-3
1461397029.1416826,-3
1461397029.201735,-3
1461397029.2617545,-4
1461397029.3217835,-4
1461397029.3818202,-4
1461397029.441885,-3
1461397029.5019233,-4
1461397029.5619385,-4
1461397029.6219509,-3
1461397029.681972,-3
1461397029.742024,-4
1461397029.8020554,-4
1461397029.862091,-3
1461397029.9221241,-4
1461397029.9821603,-2
1461397030.0421848,-5
1461397030.1022055,-6
1461397030.162249,-3
1461397030.2222848,-3
1461397030.2823,-4
1461397030.3423715,-3
1461397030.4023826,-3
1461397030.4624028,-3
1461397030.5224464,-3
1461397030.5824785,-4
1461397030.6425097,-3
1461397030.7025428,-3
1461397030.762548,-3
1461397030.822606,-8
1461397030.882646,-3
1461397030.9426734,-3
1461397031.0026968,-4
1461397031.0627697,-3
1461397031.122807,-4
1461397031.1829288,-3
1461397031.2428935,-2
1461397031.3029358,-4
1461397031.3629553,-4
1461397031.4229827,-4
1461397031.483094,-5
1461397031.5430458,-4
1461397031.6030955,-3
1461397031.6631074,-5
1461397031.7231536,-4
1461397031.7832797,-3
1461397031.8432326,-3
1461397031.9032588,-5
1461397031.9632661,-4
1461397032.023305,-4
1461397032.0834057,-3
1461397032.1433473,-4
1461397032.2034082,-4
1461397032.2634177,-4
1461397032.3235073,-4
1461397032.3835337,-4
1461397032.443491,-4
1461397032.503531,-4
1461397032.5635393,-3
1461397032.623586,-3
1461397032.683628,-2
1461397032.7436655,-4
1461397032.8036969,-4
1461397032.8637412,-3
1461397032.9237585,-4
1461397032.9837844,-4
1461397033.043824,-4
1461397033.1038496,-4
1461397033.163888,-4
1461397033.2239382,-4
1461397033.2839537,-4
1461397033.3440187,-4
1461397033.4040365,-3
1461397033.4640539,-4
1461397033.5240557,-4
1461397033.5841222,-4
1461397033.644148,-3
1461397033.7041688,-4
1461397033.7642176,-4
1461397033.8244333,-3
1461397033.8842661,-4
1461397033.9443362,-4
1461397034.0043855,-4
1461397034.06438,-4
1461397034.1243918,-4
1461397034.1844387,-4
1461397034.2445347,-4
1461397034.3045235,-4
1461397034.3645525,-3
1461397034.424562,-4
1461397034.4846356,-3
1461397034.5446322,-4
1461397034.6046658,-3
1461397034.6646984,-4
1461397034.7247274,-4
1461397034.7847743,-3
1461397034.8447945,-4
1461397034.9048212,-4
1461397034.9648468,-4
1461397035.02489,-4
1461397035.0849328,-4
1461397035.1449544,-4
1461397035.2050169,-4
1461397035.2650127,-4
1461397035.325063,-4
1461397035.3851125,-4
1461397035.4451191,-4
1461397035.5051556,-4
1461397035.5651858,-4
1461397035.625212,-4
1461397035.685265,-3
1461397035.7452698,-4
1461397035.8053138,-4
1461397035.865338,-4
1461397035.9253905,-4
1461397035.9854105,-3
1461397036.0454333,-3
1461397036.105482,-4
1461397036.1654928,-4
1461397036.2255385,-4
1461397036.2855778,-3
1461397036.345653,-3
1461397036.4056947,-4
1461397036.4656866,-4
1461397036.5257525,-4
1461397036.585762,-3
1461397036.6457887,-4
1461397036.705856,-4
1461397036.7658494,-4
1461397036.8258936,-4
1461397036.885924,-3
1461397036.9459512,-3
1461397037.005983,-4
1461397037.0659928,-3
1461397037.1260424,-3
1461397037.1860905,-3
1461397037.246088,-3
1461397037.3061452,-4
1461397037.3661678,-4
1461397037.4262037,-3
1461397037.4862473,-3
1461397037.5462668,-4
1461397037.6062865,-3
1461397037.6663713,-3
1461397037.726391,-4
1461397037.7864113,-4
1461397037.8464649,-4
1461397037.90647,-4
1461397037.9664981,-4
1461397038.0265322,-4
1461397038.086605,-4
1461397038.1466227,-4
1461397038.2066526,-4
1461397038.2666569,-4
1461397038.3266811,-4
1461397038.3867555,-4
1461397038.4467895,-4
1461397038.5067995,-4
1461397038.5668306,-4
1461397038.626865,-4
1461397038.686888,-4
1461397038.746939,-3
1461397038.8069682,-4
1461397038.8669837,-4
1461397038.9270215,-4
1461397038.9870565,-3
1461397039.047073,-3
1461397039.1071098,-4
1461397039.1671538,-4
1461397039.227184,-4
1461397039.2872124,-4
1461397039.3472555,-4
1461397039.4072983,-4
1461397039.4673378,-4
1461397039.5273638,-4
1461397039.5873947,-3
1461397039.6474016,-3
1461397039.7074726,-4
1461397039.7675028,-4
1461397039.827521,-4
1461397039.8875568,-4
1461397039.94757,-4
1461397040.0076094,-4
1461397040.067624,-4
1461397040.1276705,-4
1461397040.1877258,-4
1461397040.247735,-4
1461397040.307771,-4
1461397040.36781,-4
1461397040.4278479,-4
1461397040.4878626,-4
1461397040.5479224,-3
1461397040.6079648,-4
1461397040.667952,-4
1461397040.7280052,-4
1461397040.7880244,-4
1461397040.848065,-4
1461397040.9080973,-4
1461397040.9681282,-4
1461397041.0281632,-4
1461397041.0881999,-4
1461397041.1482303,-4
1461397041.208269,-4
1461397041.268274,-4
1461397041.328344,-4
1461397041.3883705,-4
1461397041.4484177,-4
1461397041.508451,-4
1461397041.568452,-4
1461397041.628492,-4
1461397041.6885223,-4
1461397041.7485502,-4
1461397041.8085947,-4
1461397041.8686254,-4
1461397041.9286582,-4
1461397041.9886963,-4
1461397042.048754,-4
1461397042.1087632,-4
1461397042.1688175,-4
1461397042.2288558,-4
1461397042.2888558,-4
1461397042.349136,-4
1461397042.408941,-4
1461397042.4689798,-4
1461397042.5290098,-4
1461397042.589045,-4
1461397042.6490276,-3
1461397042.7090955,-4
1461397042.7691112,-4
1461397042.8291638,-4
1461397042.8892055,-4
1461397042.949227,-4
1461397043.0092452,-4
1461397043.069287,-4
1461397043.129314,-4
1461397043.1893635,-4
1461397043.2493632,-4
1461397043.309414,-4
1461397043.3694334,-4
1461397043.4294825,-4
1461397043.489537,-4
1461397043.5495439,-4
1461397043.6095634,-4
1461397043.6696038,-4
1461397043.7296417,-4
1461397043.7896774,-4
1461397043.8496819,-4
1461397043.9097738,-5
1461397043.9697678,-4
1461397044.029821,-4
1461397044.0898669,-4
1461397044.149871,-4
1461397044.2099109,-4
1461397044.2699668,-4
1461397044.3299928,-4
1461397044.3900347,-3
1461397044.4500332,-4
1461397044.5100703,-4
1461397044.5700848,-4
1461397044.6301322,-4
1461397044.6901724,-4
1461397044.7502093,-4
1461397044.8102481,-4
1461397044.870266,-4
1461397044.930316,-4
1461397044.9903333,-4
1461397045.0503457,-4
1461397045.1103973,-4
1461397045.1704233,-4
1461397045.2304614,-4
1461397045.2904866,-4
1461397045.3505232,-4
1461397045.4105766,-4
1461397045.470581,-4
1461397045.5306237,-5
1461397045.5907218,-4
1461397045.650702,-4
1461397045.7107263,-4
1461397045.770734,-4
1461397045.830774,-4
1461397045.8908162,-4
1461397045.9508765,-4
1461397046.0108902,-4
1461397046.0709138,-4
1461397046.1309612,-4
1461397046.1909964,-4
1461397046.2510161,-4
1461397046.3110576,-4
1461397046.3710847,-4
1461397046.431118,-4
1461397046.491154,-4
1461397046.5511818,-4
1461397046.6112108,-4
1461397046.671252,-4
1461397046.7312837,-4
1461397046.7913218,-4
1461397046.8513567,-4
1461397046.9114132,-4
1461397046.9713995,-4
1461397047.031433,-4
1461397047.091478,-4
1461397047.1515062,-4
1461397047.2115536,-4
1461397047.2715573,-4
1461397047.3316007,-4
1461397047.391659,-4
1461397047.4516778,-4
1461397047.5117142,-5
1461397047.5717137,-4
1461397047.6317546,-4
1461397047.691826,-4
1461397047.7518263,-4
1461397047.811884,-4
1461397047.871902,-5
1461397047.9319158,-4
1461397047.9919794,-4
1461397048.0519893,-5
1461397048.1120543,-4
1461397048.1720817,-4
1461397048.2321079,-4
1461397048.292129,-4
1461397048.3521945,-6
1461397048.4122355,-7
1461397048.4722052,-4
1461397048.5322378,-4
1461397048.5922995,-3
1461397048.6523242,-4
1461397048.7123668,-4
1461397048.7723656,-4
1461397048.8324072,-4
1461397048.8924768,-4
1461397048.9524858,-3
1461397049.012526,-4
1461397049.0725307,-4
1461397049.1325681,-4
1461397049.1926265,-4
1461397049.2526448,-5
1461397049.3126788,-4
1461397049.372709,-4
1461397049.432802,-5
1461397049.4928405,-4
1461397049.5528526,-4
1461397049.6129081,-4
1461397049.6729379,-4
1461397049.7329574,-4
1461397049.7930093,-7
1461397049.853033,-5
1461397049.9131095,-6
1461397049.9730935,-6
1461397050.0331602,-5
1461397050.0931497,-7
1461397050.1532009,-3
1461397050.21324,-4
1461397050.2732348,-4
1461397050.3332984,-4
1461397050.393336,-4
1461397050.4533339,-5
1461397050.5135098,-5
1461397050.5734131,-4
1461397050.6334484,-4
1461397050.6934943,-4
1461397050.7534864,-4
1461397050.8135064,-4
1461397050.873747,-4
1461397050.9335663,-4
1461397050.9935963,-4
1461397051.0536437,-5
1461397051.1136582,-4
1461397051.173701,-4
1461397051.2337422,-4
1461397051.2937706,-5
1461397051.3537927,-4
1461397051.4135935,-3
1461397051.4736066,-3
1461397051.5338767,-4
1461397051.5939248,-4
1461397051.653951,-5
1461397051.713992,-5
1461397051.774025,-4
1461397051.8340566,-4
1461397051.8940854,-4
1461397051.954118,-4
1461397052.0141628,-4
1461397052.0742009,-4
1461397052.1342275,-4
1461397052.1942725,-4
1461397052.2543075,-4
1461397052.314312,-5
1461397052.3743725,-5
1461397052.4343896,-4
1461397052.4944544,-7
1461397052.5544446,-4
1461397052.6144996,-5
1461397052.6745327,-4
1461397052.7345474,-4
1461397052.794579,-4
1461397052.8546205,-5
1461397052.9146535,-5
1461397052.9746797,-5
1461397053.0347064,-4
1461397053.094753,-5
1461397053.1547809,-5
1461397053.214836,-5
1461397053.2748418,-4
1461397053.3348784,-4
1461397053.3949351,-4
1461397053.4549618,-5
1461397053.5149763,-4
1461397053.5750072,-5
1461397053.6350474,-4
1461397053.6951034,-4
1461397053.7551305,-4
1461397053.8151503,-4
1461397053.875173,-4
1461397053.935253,-5
1461397053.9952478,-4
1461397054.0552645,-4
1461397054.115308,-5
1461397054.1753442,-5
1461397054.235362,-4
1461397054.2954063,-5
1461397054.355435,-5
1461397054.4154835,-5
1461397054.4754999,-5
1461397054.5355418,-4
1461397054.5955694,-4
1461397054.6555984,-4
1461397054.715648,-5
1461397054.775665,-5
1461397054.835707,-4
1461397054.895744,-5
1461397054.9557645,-5
1461397055.0157962,-4
1461397055.075884,-4
1461397055.1358943,-4
1461397055.1959171,-4
1461397055.2559257,-5
1461397055.3159592,-4
1461397055.3760066,-5
1461397055.436039,-5
1461397055.4960487,-4
1461397055.556091,-5
1461397055.616128,-4
1461397055.6761434,-4
1461397055.736199,-4
1461397055.796212,-5
1461397055.8562446,-4
1461397055.9163125,-5
1461397055.9763298,-4
1461397056.0363858,-4
1461397056.0963776,-4
1461397056.156418,-4
1461397056.21645,-5
1461397056.2764962,-5
1461397056.3365493,-5
1461397056.3965712,-4
1461397056.4565957,-4
1461397056.5166175,-4
1461397056.5766447,-5
1461397056.6366708,-4
1461397056.696726,-4
1461397056.7567217,-5
1461397056.8167863,-4
1461397056.8768082,-5
1461397056.9368496,-5
1461397056.9968677,-4
1461397057.0568998,-5
1461397057.116936,-5
1461397057.1769893,-5
1461397057.2370026,-4
1461397057.297039,-4
1461397057.35706,-4
1461397057.4171212,-5
1461397057.477142,-5
1461397057.5371704,-5
1461397057.597211,-5
1461397057.65723,-4
1461397057.717269,-4
1461397057.777395,-6
1461397057.8373754,-4
1461397057.8973758,-10
1461397057.9573967,-4
1461397058.0174484,-5
1461397058.0774586,-5
1461397058.1374931,-4
1461397058.1975377,-5
1461397058.2575588,-5
1461397058.3176064,-4
1461397058.37763,-5
1461397058.4376893,-5
1461397058.4977145,-5
1461397058.5577235,-5
1461397058.6177561,-5
1461397058.6777897,-5
1461397058.73782,-4
1461397058.797937,-5
1461397058.8579166,-5
1461397058.9179442,-4
1461397058.9779418,-5
1461397059.0380042,-5
1461397059.0980124,-4
1461397059.158074,-4
1461397059.2181087,-5
1461397059.278114,-4
1461397059.3381488,-5
1461397059.3982008,-5
1461397059.458217,-5
1461397059.5182424,-5
1461397059.5783198,-5
1461397059.6383183,-4
1461397059.698362,-4
1461397059.7584007,-4
1461397059.8184142,-4
1461397059.8784394,-4
1461397059.9384978,-4
1461397059.9985077,-4
1461397060.0585475,-5
1461397060.1185758,-5
1461397060.1786132,-4
1461397060.2386436,-5
1461397060.2986724,-5
1461397060.3586895,-5
1461397060.418744,-4
1461397060.4787505,-5
1461397060.5387998,-5
1461397060.5988398,-5
1461397060.6588933,-5
1461397060.7189076,-5
1461397060.7789595,-5
1461397060.8389778,-5
1461397060.8992152,-4
1461397060.959049,-5
1461397061.0190835,-5
1461397061.0790772,-5
1461397061.1391237,-5
1461397061.1991878,-5
1461397061.2591836,-5
1461397061.3192236,-5
1461397061.3792503,-5
1461397061.4393032,-4
1461397061.4993446,-5
1461397061.5593662,-5
1461397061.6193905,-5
1461397061.679455,-5
1461397061.7394567,-4
1461397061.799511,-5
1461397061.8595374,-5
1461397061.9196002,-5
1461397061.9795773,-5
1461397062.0396528,-5
1461397062.099663,-5
1461397062.1596942,-5
1461397062.219724,-5
1461397062.2797594,-5
1461397062.3397791,-4
1461397062.399823,-5
1461397062.4598565,-5
1461397062.5198932,-5
1461397062.579897,-5
1461397062.6399682,-5
1461397062.6999707,-5
1461397062.760019,-5
1461397062.820065,-5
1461397062.8800936,-4
1461397062.940124,-5
1461397063.000144,-5
1461397063.0601633,-5
1461397063.120211,-5
1461397063.1802592,-4
1461397063.2402918,-5
1461397063.300312,-5
1461397063.3603551,-5
1461397063.420428,-5
1461397063.480416,-5
1461397063.540473,-5
1461397063.6004798,-5
1461397063.660518,-5
1461397063.7205713,-5
1461397063.7805924,-5
1461397063.8406296,-5
1461397063.900695,-6
1461397063.960679,-5
1461397064.0206962,-5
1461397064.0807333,-5
1461397064.1407788,-5
1461397064.2008157,-5
1461397064.2608414,-5
1461397064.3208432,-5
1461397064.3809054,-5
1461397064.4409533,-5
1461397064.5009706,-5
1461397064.5610218,-5
1461397064.621047,-5
1461397064.6810598,-5
1461397064.7410953,-5
1461397064.801143,-5
1461397064.861165,-4
1461397064.9212017,-5
1461397064.9812279,-5
1461397065.0412586,-4
1461397065.101311,-4
1461397065.1613524,-5
1461397065.2213511,-5
1461397065.2813883,-5
1461397065.3414297,-5
1461397065.4014695,-5
1461397065.4614873,-5
1461397065.521533,-5
1461397065.581545,-5
1461397065.641589,-4
1461397065.7016423,-5
1461397065.7616663,-5
1461397065.8216834,-5
1461397065.8817208,-5
1461397065.9420033,-8
1461397066.001907,-6
1461397066.0618715,-5
1461397066.1218548,-5
1461397066.181908,-4
1461397066.241918,-5
1461397066.301952,-5
1461397066.3619754,-5
1461397066.4220223,-5
1461397066.4820156,-5
1461397066.5420814,-5
1461397066.6021235,-5
1461397066.6621387,-6
1461397066.7221851,-6
1461397066.782207,-5
1461397066.8422287,-5
1461397066.9022875,-5
1461397066.9623263,-6
1461397067.0223415,-5
1461397067.0823839,-4
1461397067.1424131,-4
1461397067.2024503,-5
1461397067.2624629,-5
1461397067.3225064,-5
1461397067.3825336,-5
1461397067.4426014,-5
1461397067.5026062,-5
1461397067.5626233,-5
1461397067.6226597,-5
1461397067.6826935,-5
1461397067.7428045,-4
1461397067.8028142,-6
1461397067.8628612,-5
1461397067.9229026,-12
1461397067.9830005,-4
1461397068.04297,-5
1461397068.1029873,-6
1461397068.1630366,-4
1461397068.2230554,-5
1461397068.2831533,-7
1461397068.3431196,-6
1461397068.4031591,-7
1461397068.4632225,-6
1461397068.52322,-4
1461397068.5833445,-5
1461397068.6432736,-5
1461397068.7033079,-5
1461397068.7633278,-5
1461397068.8233645,-5
1461397068.8834662,-5
1461397068.9434261,-5
1461397069.0034683,-5
1461397069.0634599,-5
1461397069.1234717,-5
1461397069.1835537,-5
1461397069.2435377,-3
1461397069.303579,-5
1461397069.3636067,-5
1461397069.423651,-5
1461397069.4837039,-5
1461397069.5437186,-4
1461397069.603746,-4
1461397069.663783,-5
1461397069.7237957,-5
1461397069.7838469,-5
1461397069.8438828,-5
1461397069.9039052,-5
1461397069.9639425,-5
1461397070.0239844,-6
1461397070.0839884,-5
1461397070.1440444,-6
1461397070.2040882,-5
1461397070.264108,-5
1461397070.3241363,-5
1461397070.3841655,-5
1461397070.4442127,-4
1461397070.504238,-5
1461397070.564254,-5
1461397070.6242955,-5
1461397070.6843195,-5
1461397070.744418,-5
1461397070.8044238,-5
1461397070.8644547,-6
1461397070.9246716,-4
1461397070.9845016,-5
1461397071.044543,-5
1461397071.1045837,-5
1461397071.1645932,-6
1461397071.2246442,-5
1461397071.2846758,-5
1461397071.3447175,-6
1461397071.4047728,-5
1461397071.4648285,-6
1461397071.5248067,-5
1461397071.5848317,-5
1461397071.6448593,-5
1461397071.704901,-5
1461397071.7649343,-5
1461397071.8249657,-5
1461397071.8849888,-5
1461397071.945037,-5
1461397072.0050514,-6
1461397072.065089,-5
1461397072.1251304,-5
1461397072.1851535,-5
1461397072.2451923,-4
1461397072.305226,-5
1461397072.3652275,-5
1461397072.4252846,-5
1461397072.4853241,-5
1461397072.5453527,-5
1461397072.6053767,-5
1461397072.6654274,-5
1461397072.725451,-5
1461397072.7854998,-6
1461397072.8455405,-5
1461397072.9055488,-5
1461397072.965575,-5
1461397073.0256095,-5
1461397073.0856252,-5
1461397073.145667,-5
1461397073.2057173,-5
1461397073.2657435,-6
1461397073.325775,-6
1461397073.3858023,-5
1461397073.4458425,-5
1461397073.5058787,-5
1461397073.565885,-5
1461397073.625954,-5
1461397073.6859865,-4
1461397073.746006,-5
1461397073.806031,-5
1461397073.86607,-5
1461397073.9261281,-5
1461397073.9861372,-5
1461397074.0461798,-5
1461397074.1061885,-6
1461397074.1662261,-5
1461397074.2262683,-5
1461397074.2862768,-5
1461397074.3463342,-5
1461397074.4063652,-5
1461397074.4663863,-5
1461397074.5264716,-6
1461397074.5864604,-5
1461397074.6464922,-5
1461397074.7065175,-5
1461397074.7665575,-5
1461397074.8265882,-5
1461397074.8866186,-5
1461397074.9466732,-5
1461397075.006674,-5
1461397075.0667036,-4
1461397075.126763,-5
1461397075.1867785,-5
1461397075.2468235,-5
1461397075.3068838,-6
1461397075.36687,-6
1461397075.4269207,-5
1461397075.4869647,-5
1461397075.5469909,-5
1461397075.6070313,-6
1461397075.6670618,-5
1461397075.727077,-5
1461397075.7871048,-5
1461397075.8471687,-6
1461397075.9071758,-5
1461397075.9672098,-5
1461397076.0272572,-5
1461397076.0872624,-5
1461397076.1473167,-5
1461397076.2073457,-5
1461397076.2673862,-5
1461397076.327425,-5
1461397076.3874385,-5
1461397076.4474883,-6
1461397076.5075514,-6
1461397076.5675304,-6
1461397076.6275852,-6
1461397076.6876004,-5
1461397076.747645,-5
1461397076.8076794,-6
1461397076.8676891,-5
1461397076.927744,-6
1461397076.9877863,-5
1461397077.0478308,-5
1461397077.1078346,-6
1461397077.1678803,-5
1461397077.2278996,-5
1461397077.2879353,-5
1461397077.3479593,-5
1461397077.4079938,-5
1461397077.4680243,-5
1461397077.528067,-5
1461397077.5880852,-5
1461397077.648122,-5
1461397077.7081654,-6
1461397077.7681727,-6
1461397077.828231,-5
1461397077.888274,-5
1461397077.948313,-10
1461397078.008339,-5
1461397078.068368,-5
1461397078.1283941,-6
1461397078.1884499,-6
1461397078.2484617,-5
1461397078.308505,-6
1461397078.368538,-6
1461397078.4285705,-6
1461397078.4886103,-5
1461397078.548631,-6
1461397078.608682,-5
1461397078.6686988,-5
1461397078.7287276,-6
1461397078.7887435,-5
1461397078.8487806,-6
1461397078.908831,-5
1461397078.9688535,-5
1461397079.0289028,-5
1461397079.0889137,-5
1461397079.1489441,-6
1461397079.2090068,-6
1461397079.2690015,-5
1461397079.3290608,-6
1461397079.3890646,-6
1461397079.449139,-5
1461397079.509164,-5
1461397079.5691602,-6
1461397079.6292677,-6
1461397079.6892397,-6
1461397079.749309,-5
1461397079.80932,-6
1461397079.869337,-5
1461397079.929396,-5
1461397079.989411,-5
1461397080.0494432,-6
1461397080.109472,-6
1461397080.1695125,-6
1461397080.2295485,-6
1461397080.2895648,-5
1461397080.3496158,-5
1461397080.409633,-6
1461397080.469675,-6
1461397080.529719,-5
1461397080.5897367,-6
1461397080.649791,-6
1461397080.709824,-6
1461397080.7698262,-5
1461397080.8298426,-5
1461397080.8899033,-5
1461397080.9501162,-6
1461397081.010013,-5
1461397081.0700028,-5
1461397081.130024,-5
1461397081.1900642,-6
1461397081.2502718,-6
1461397081.3101687,-6
1461397081.3701842,-5
1461397081.430213,-6
1461397081.4902544,-6
1461397081.5502763,-6
1461397081.6103015,-6
1461397081.6703136,-5
1461397081.7303638,-6
1461397081.7903733,-5
1461397081.8504307,-6
1461397081.9104524,-5
1461397081.9705124,-6
1461397082.0305312,-6
1461397082.0905688,-5
1461397082.1505919,-6
1461397082.2106314,-6
1461397082.2706578,-6
1461397082.3306916,-6
1461397082.390708,-6
1461397082.4507766,-6
1461397082.5108116,-5
1461397082.570825,-5
1461397082.6308532,-6
1461397082.6908844,-6
1461397082.750915,-6
1461397082.8109782,-5
1461397082.8709817,-6
1461397082.931027,-6
1461397082.9910655,-5
1461397083.0510876,-6
1461397083.1111069,-6
1461397083.171149,-6
1461397083.2311697,-6
1461397083.2911997,-6
1461397083.351254,-6
1461397083.4112704,-6
1461397083.4713128,-6
1461397083.5313485,-6
1461397083.59137,-6
1461397083.6514,-6
1461397083.7114518,-6
1461397083.7714643,-6
1461397083.8314905,-5
1461397083.8916051,-5
1461397083.9515784,-6
1461397084.0116189,-6
1461397084.0716279,-6
1461397084.1316552,-6
1461397084.1916955,-6
1461397084.2517257,-6
1461397084.3117573,-6
1461397084.3717916,-5
1461397084.4318414,-5
1461397084.4918735,-5
1461397084.5518994,-6
1461397084.6119246,-6
1461397084.6719656,-5
1461397084.731989,-5
1461397084.7920227,-6
1461397084.8520615,-6
1461397084.912077,-6
1461397084.9721224,-7
1461397085.0321562,-6
1461397085.0921729,-8
1461397085.15221,-5
1461397085.2122607,-6
1461397085.2722938,-6
1461397085.3323257,-6
1461397085.3923497,-6
1461397085.4523995,-6
1461397085.5124428,-6
1461397085.5724757,-6
1461397085.6324875,-6
1461397085.692517,-6
1461397085.7525635,-6
1461397085.8125763,-6
1461397085.872639,-6
1461397085.9326544,-5
1461397085.992681,-5
1461397086.0527158,-6
1461397086.1127863,-6
1461397086.1728437,-5
1461397086.2328937,-6
1461397086.2928975,-6
1461397086.3529434,-6
1461397086.4129872,-7
1461397086.4730713,-7
1461397086.5330389,-5
1461397086.593062,-10
1461397086.653105,-7
1461397086.7131405,-6
1461397086.7731602,-6
1461397086.8332143,-6
1461397086.8932126,-5
1461397086.9532566,-5
1461397087.0133123,-6
1461397087.073311,-6
1461397087.1333513,-6
1461397087.1933842,-6
1461397087.253396,-6
1461397087.3134468,-6
1461397087.3734744,-6
1461397087.433478,-6
1461397087.4935281,-6
1461397087.5535448,-6
1461397087.6135552,-5
1461397087.6735904,-6
1461397087.7336385,-5
1461397087.7936726,-6
1461397087.85372,-7
1461397087.9137485,-6
1461397087.9737675,-10
1461397088.0338006,-6
1461397088.0938337,-6
1461397088.1538537,-6
1461397088.2139122,-6
1461397088.2739193,-6
1461397088.3339672,-6
1461397088.393992,-6
1461397088.4540224,-6
1461397088.5140893,-7
1461397088.5741022,-6
1461397088.6341333,-6
1461397088.6941853,-6
1461397088.7541988,-6
1461397088.8142447,-6
1461397088.87425,-6
1461397088.9343052,-6
1461397088.9943316,-6
1461397089.0543766,-6
1461397089.1143808,-6
1461397089.1744418,-5
1461397089.2344475,-5
1461397089.2944899,-6
1461397089.3545392,-6
1461397089.4145465,-6
1461397089.4745915,-6
1461397089.5346422,-5
1461397089.59468,-6
1461397089.6547043,-6
1461397089.7147167,-6
1461397089.7747452,-6
1461397089.8347735,-6
1461397089.8948007,-6
1461397089.9548357,-6
1461397090.0148904,-6
1461397090.0749214,-7
1461397090.1349273,-6
1461397090.1949925,-6
1461397090.2550042,-6
1461397090.3150392,-6
1461397090.3750603,-6
1461397090.4350998,-5
1461397090.4951599,-6
1461397090.5551841,-6
1461397090.6151867,-6
1461397090.675278,-6
1461397090.7352743,-6
1461397090.7953079,-6
1461397090.8553252,-6
1461397090.9153845,-6
1461397090.9756176,-6
1461397091.0354395,-6
1461397091.0954556,-6
1461397091.1554933,-6
1461397091.215552,-6
1461397091.2755628,-6
1461397091.3355887,-6
1461397091.395658,-6
1461397091.4556608,-6
1461397091.5157168,-6
1461397091.5757222,-6
1461397091.6357622,-6
1461397091.6958098,-5
1461397091.7558208,-6
1461397091.8158703,-6
1461397091.8758905,-6
1461397091.935938,-6
1461397091.9959702,-6
1461397092.05598,-6
1461397092.1160257,-7
1461397092.1760716,-6
1461397092.236092,-6
1461397092.2961166,-6
1461397092.3561437,-6
1461397092.4161868,-6
1461397092.4762144,-6
1461397092.5362644,-6
1461397092.5962768,-6
1461397092.6563118,-6
1461397092.7163537,-7
1461397092.7763793,-6
1461397092.8364239,-6
1461397092.8964398,-6
1461397092.9564722,-7
1461397093.016534,-6
1461397093.0765426,-6
1461397093.1365776,-6
1461397093.1966305,-6
1461397093.256656,-7
1461397093.316695,-6
1461397093.3767092,-6
1461397093.4367461,-6
1461397093.4967911,-6
1461397093.556806,-6
1461397093.6168437,-7
1461397093.6768708,-6
1461397093.7369084,-6
1461397093.796932,-6
1461397093.8569558,-5
1461397093.9170332,-7
1461397093.977035,-6
1461397094.0370789,-6
1461397094.0970902,-6
1461397094.1571395,-6
1461397094.2171633,-7
1461397094.2771997,-6
1461397094.3372436,-6
1461397094.3972552,-6
1461397094.4572933,-6
1461397094.5173755,-7
1461397094.577358,-6
1461397094.637409,-6
1461397094.6974459,-5
1461397094.7574582,-6
1461397094.817498,-6
1461397094.8775377,-6
1461397094.9375558,-6
1461397094.9975853,-6
1461397095.0576406,-7
1461397095.1176386,-6
1461397095.1777012,-6
1461397095.2377257,-6
1461397095.2977662,-6
1461397095.3577719,-5
1461397095.417816,-6
1461397095.477833,-6
1461397095.5378954,-7
1461397095.5979426,-6
1461397095.6579409,-6
1461397095.7179902,-7
1461397095.7780266,-7
1461397095.8380451,-6
1461397095.89809,-5
1461397095.9581206,-7
1461397096.018153,-7
1461397096.0781653,-6
1461397096.1382017,-6
1461397096.1982439,-6
1461397096.2582753,-6
1461397096.318308,-6
1461397096.3783233,-6
1461397096.4383605,-6
1461397096.4984066,-7
1461397096.5584278,-7
1461397096.6184618,-6
1461397096.678505,-6
1461397096.7385242,-6
1461397096.7985554,-6
1461397096.8586056,-6
1461397096.9186618,-6
1461397096.9786797,-7
1461397097.0387146,-7
1461397097.0987275,-7
1461397097.1587725,-6
1461397097.2188003,-7
1461397097.278818,-6
1461397097.3388543,-7
1461397097.3988945,-7
1461397097.4589148,-7
1461397097.5189633,-6
1461397097.5789814,-6
1461397097.6390061,-6
1461397097.6990578,-7
1461397097.759091,-7
1461397097.8191118,-6
1461397097.8791616,-6
1461397097.939191,-6
1461397097.999217,-11
1461397098.0592535,-7
1461397098.1192782,-6
1461397098.1793206,-6
1461397098.2393477,-6
1461397098.2994056,-6
1461397098.35942,-6
1461397098.4194548,-7
1461397098.479478,-6
1461397098.5395253,-6
1461397098.5995538,-6
1461397098.6595943,-7
1461397098.7196386,-6
1461397098.7796504,-6
1461397098.839681,-6
1461397098.8996966,-6
1461397098.959733,-7
1461397099.0197873,-7
1461397099.0797956,-6
1461397099.1398344,-7
1461397099.1998816,-6
1461397099.2598975,-7
1461397099.319942,-7
1461397099.3799925,-6
1461397099.4401484,-9
1461397099.5001018,-7
1461397099.5600846,-7
1461397099.6201403,-7
1461397099.6801426,-7
1461397099.7402096,-6
1461397099.8002253,-6
1461397099.8602614,-6
1461397099.9202833,-6
1461397099.980314,-6
1461397100.0403497,-6
1461397100.100403,-7
1461397100.1603756,-5
1461397100.220444,-7
1461397100.280468,-6
1461397100.340507,-7
1461397100.4005342,-7
1461397100.460579,-7
1461397100.520615,-7
1461397100.5806305,-6
1461397100.6406555,-7
1461397100.7007,-6
1461397100.760728,-6
1461397100.8207603,-6
1461397100.8807967,-6
1461397100.9408336,-7
1461397101.0010593,-6
1461397101.0608916,-7
1461397101.120917,-6
1461397101.1809664,-6
1461397101.2409852,-7
1461397101.3010883,-6
1461397101.361071,-6
1461397101.4210775,-7
1461397101.4811108,-7
1461397101.5411716,-7
1461397101.6011763,-7
1461397101.6612103,-7
1461397101.7212791,-6
1461397101.781281,-7
1461397101.8413072,-6
1461397101.9013493,-7
1461397101.9613879,-6
1461397102.0214324,-7
1461397102.081436,-7
1461397102.1414714,-6
1461397102.201509,-7
1461397102.261547,-7
1461397102.3215916,-7
1461397102.3816078,-7
1461397102.4416358,-6
1461397102.5016634,-7
1461397102.561731,-6
1461397102.6217422,-7
1461397102.6817744,-6
1461397102.7417896,-6
1461397102.801837,-7
1461397102.8618991,-7
1461397102.921914,-7
1461397102.9819536,-6
1461397103.041964,-7
1461397103.1020083,-6
1461397103.1620338,-7
1461397103.222064,-6
1461397103.282087,-9
1461397103.3421369,-6
1461397103.4021766,-9
1461397103.4622028,-7
1461397103.522244,-7
1461397103.5822716,-6
1461397103.6423068,-7
1461397103.7023578,-6
1461397103.7623851,-6
1461397103.8224022,-7
1461397103.8824315,-6
1461397103.9425027,-6
1461397104.0025318,-7
1461397104.06254,-7
1461397104.1225631,-6
1461397104.1826172,-6
1461397104.2426999,-6
1461397104.3026795,-6
1461397104.3627055,-7
1461397104.4227133,-7
1461397104.482914,-7
1461397104.5428615,-7
1461397104.6028755,-7
1461397104.6629326,-7
1461397104.722952,-7
1461397104.7830663,-6
1461397104.8430052,-7
1461397104.9030364,-10
1461397104.9630728,-7
1461397105.0231497,-7
1461397105.0832314,-7
1461397105.1431668,-6
1461397105.2032223,-7
1461397105.2632425,-7
1461397105.323291,-7
1461397105.3833745,-7
1461397105.4433727,-6
1461397105.5034122,-7
1461397105.5635035,-7
1461397105.6234639,-6
1461397105.6835625,-7
1461397105.743493,-7
1461397105.8034782,-7
1461397105.8635287,-7
1461397105.9235458,-5
1461397105.9835842,-3
1461397106.0436246,-7
1461397106.1036327,-7
1461397106.163686,-7
1461397106.2237196,-7
1461397106.2837358,-7
1461397106.3437848,-6
1461397106.403813,-7
1461397106.463833,-7
1461397106.5238853,-7
1461397106.5839088,-6
1461397106.6439075,-7
1461397106.7039583,-7
1461397106.764016,-7
1461397106.824039,-7
1461397106.8840888,-7
1461397106.944137,-6
1461397107.004174,-7
1461397107.064199,-6
1461397107.124209,-7
1461397107.1842668,-7
1461397107.2442646,-7
1461397107.3042843,-7
1461397107.364327,-7
1461397107.4243674,-7
1461397107.484416,-7
1461397107.5444398,-7
1461397107.6044698,-7
1461397107.6645167,-7
1461397107.7245286,-7
1461397107.7845614,-6
1461397107.844594,-7
1461397107.904636,-7
1461397107.9646738,-7
1461397108.0247157,-7
1461397108.0847259,-7
1461397108.1447427,-6
1461397108.2047977,-7
1461397108.2648332,-7
1461397108.324876,-7
1461397108.3849044,-6
1461397108.4449098,-7
1461397108.5049598,-7
1461397108.5649998,-7
1461397108.6250405,-6
1461397108.6850753,-7
1461397108.7450852,-7
1461397108.8051507,-6
1461397108.8651505,-7
1461397108.9251797,-7
1461397108.9852123,-7
1461397109.0452454,-7
1461397109.105263,-7
1461397109.1653016,-7
1461397109.2253497,-7
1461397109.285385,-7
1461397109.3454287,-6
1461397109.405433,-7
1461397109.4654784,-7
1461397109.5257218,-7
1461397109.5855386,-7
1461397109.6455736,-7
1461397109.7055976,-7
1461397109.7656448,-7
1461397109.8256788,-7
1461397109.8857124,-7
1461397109.945727,-7
1461397110.0057595,-7
1461397110.0658026,-7
1461397110.1258175,-7
1461397110.1858847,-6
1461397110.2459252,-7
